Id,ORGANIZATION,NAME,GENDER,SPECIALITY,ADDRESS,CITY,STATE,ZIP,LAT,LON,ENCOUNTERS,PROCEDURES
c4af80c4-2220-34c3-b025-f8a69c7bb4a1,74ab949d-17ac-3309-83a0-13b4405c66aa,Ted955 Reilly981,M,GENERAL PRACTICE,881 Main Street,Fitchburg,MA,01420,42.586487,-71.80521,301,0
2560ea32-b138-3f14-86a6-1578df42c931,588f6ce6-b8db-3588-8189-29db2680a313,Tiffaney302 Brakus656,F,GENERAL PRACTICE,461 WALNUT AVE,JAMAICA PLAIN,MA,021302331,42.311587599999996,-71.09800136347226,120,0
fe1f1d2e-46b5-30a8-ae66-52b53723a571,324b4137-57a0-3ae0-89db-1c33f57ae0c1,Herma433 Satterfield305,F,GENERAL PRACTICE,134 NORTH ST,NORTH READING,MA,018641315,42.5892341,-71.10546522083789,1,0
cf752bc1-3fd8-3c74-a2fb-da397781cc4a,e09d4c49-c2ef-3b0f-9a46-3719d9219306,Jules135 Emard19,M,GENERAL PRACTICE,60 HOSPITAL RD,LEOMINSTER,MA,014533290,42.54031915,-71.76312990486304,87,0
35081520-ee5a-3818-b652-f78ea431cb8f,c241b977-4131-32e4-9957-e0a00b2a1e5f,Brittanie254 Krajcik437,F,GENERAL PRACTICE,94 MAIN STREET,HYANNIS,MA,026013146,41.6562802,-70.27448000204822,31,0
8b97f304-d3c7-3c65-a4d9-731b6a51ca9c,a58ec72a-cf43-3de5-88c1-de2fbec976a5,Riley817 Bartoletti50,M,GENERAL PRACTICE,255 CENTRAL AVE,CHELSEA,MA,021503508,42.38804035,-71.02650270378646,2,0
792dfd0b-6d3a-3914-aa92-25f0d784877d,2936ca90-6594-357d-be14-53fe0ab84dd1,Avis183 Ankunding277,F,GENERAL PRACTICE,11 TREMONT ST,KINGSTON,MA,023641231,42.00823215,-70.72984043580247,68,0
f0523574-11cb-37b8-93ad-1498b86ebdab,ab701a70-a658-340e-8f69-ee196a7d40c6,Jolie499 Parisian75,F,GENERAL PRACTICE,484 RTE 134,WORCESTER,MA,016071728,42.2625621,-71.8018877,134,0
d07e9a27-e09a-3aa7-adfe-a4be65640d35,11ba6a26-59b4-3728-a268-6dc9929962b4,Archie818 McCullough561,M,GENERAL PRACTICE,200 GOVERNORS AVENUE,MEDFORD,MA,021551644,42.42711615,-71.1121606632448,3,0
c01c0e1f-d72e-3c11-a07c-f9adddbbce6f,8a2e2731-3240-39d1-b4f0-cad14200937d,Randa356 Ritchie586,F,GENERAL PRACTICE,88 WASHINGTON ST,TAUNTON,MA,027802465,41.9062805,-71.09518121351795,5,0
dbb5f90f-2006-35ff-baba-f2d7c4072cc3,88e28a1c-aad9-36d0-832b-b579ecb95c3d,Anthony633 Toy286,M,GENERAL PRACTICE,14 MANNING AVENUE,LEOMINSTER,MA,014535768,42.5253035,-71.7584413,78,0
c704bd4d-f7fd-374d-bd33-1a2c23d4d47f,4cf79e95-2815-3a4c-a3b8-951fe548dd27,Tracey100 Champlin946,F,GENERAL PRACTICE,20 ELM ST,PITTSFIELD,MA,012016502,42.4458896,-73.2448206979669,20,0
5ce49fe1-39e6-3bad-8c87-fb1bde84e4bf,52ecddd8-42f6-35cc-88a5-cf474c02fb49,Maxima831 Fahey393,F,GENERAL PRACTICE,94 OBERY STREET,PLYMOUTH,MA,023602130,41.93725,-70.65503160208334,20,0
b01faf5d-372b-315c-ac8f-c3d64f664856,4bf8af75-4da2-331d-b94e-9975a887face,Teresa94 Otero621,F,GENERAL PRACTICE,57 PROSPECT ST,NANTUCKET,MA,025542799,41.27514065,-70.10108985970798,195,0
56dbe12f-fdd8-38af-ac5d-aff21517dcb5,4846e68f-845b-38e6-aa40-48196bf9ff0e,Carylon722 Corwin846,F,GENERAL PRACTICE,130 COLRAIN RD,GREENFIELD,MA,013019625,42.59140995,-72.62336230812821,1,0
b117f579-5799-3583-9293-b100394682ca,667b46fe-0afa-3f70-a311-bbe3d52db050,Mickey576 Borer986,F,GENERAL PRACTICE,757 BOSTON POST RD,WORCESTER,MA,016071728,42.231371,-72.165386,2,0
688173e3-5f36-3114-9ce3-a8e0506cf621,a4af40b8-0ddb-34bb-ae4a-95a17e9ad6f3,Tambra47 Heaney114,F,GENERAL PRACTICE,100 MYLES STANDISH BOULEVARD  SUITE 103,TAUNTON,MA,027807340,41.948930849999996,-71.14141318475193,1,0
561c1470-85d1-375a-ab88-2804dfc84c0b,fe675917-7b09-3afd-a6e6-128cc4de4734,Rod343 Kohler843,M,GENERAL PRACTICE,319A ALLSTON STREET,BRIGHTON,MA,021357652,42.345093,-71.139804,6,0
5bf5bcb8-72bb-3cbc-8d99-f1b1d67f2ece,8e3ca57f-6f74-3d61-9803-ab1424290216,Concha418 Mann644,F,GENERAL PRACTICE,89 MORTON STREET,ANDOVER,MA,018102036,42.6551409,-71.12857340697036,7,0
cdd458b4-f237-3d63-92ee-9ed4c14bfc84,5fcff9db-16e4-3e56-aa78-abbc16338097,Margene509 Schamberger479,F,GENERAL PRACTICE,295 VARNUM AVE,WESTFORD,MA,018863513,42.5792583,-71.4378411,258,0
be1c79d0-085c-3150-9f95-233f6cc8616a,fa09396a-2926-3b21-ad0c-9f6cabbce0eb,Moshe758 Bartoletti50,M,GENERAL PRACTICE,1210 BOSTON PROVIDENCE TPKE,NORWOOD,MA,020625061,42.1714075,-71.1951186,1,0
5f58bb1c-ab3d-34e7-a621-79a7a82c8bb3,cce87420-edd2-3473-9d82-5633f05186a7,Filiberto722 Keebler762,M,GENERAL PRACTICE,121 NORTHBORO RD E,MARLBOROUGH,MA,017521844,42.3420796,-71.58749123634463,1,0
480e299b-3449-31e3-bd92-c656bc5da9c1,c272e12f-e154-3fee-b05d-b7c0cab2657d,Shasta644 King743,F,GENERAL PRACTICE,800 WASHINGTON ST,NORWOOD,MA,020623487,42.1886973,-71.2005241,4,0
21a7ec61-da45-3232-96fd-894d80c06cf0,b66db758-a205-3227-9cfb-bf19d2c1962d,Jamal145 Stroman228,M,GENERAL PRACTICE,121 HARVARD AVENUE  2ND FL,ALLSTON,MA,021342702,42.35241825,-71.13220132573996,19,0
9aa1d0d3-1bfa-33d3-aa3f-ad61fc70ae23,f6a306cf-7bd6-35f4-a6b7-2d07d273914c,Ariel183 Von197,M,GENERAL PRACTICE,63 FOUNTAIN ST STE 402,FRAMINGHAM,MA,017026280,42.27595495,-71.42631150114194,49,0
6e3a9c32-b975-3491-9cf5-39f8dc559fd1,32fcdfba-8c93-30f4-b15b-dd3b65c29deb,Sparkle906 Bernhard322,F,GENERAL PRACTICE,20 NORTH MAPLE STREET,HADLEY,MA,010359715,42.3615107,-72.55261320852942,8,0
ae5d7b76-8883-3db2-8826-d021e8b67d1c,1e3ca321-fbbb-3546-b9ea-c3761a20324a,Noe500 Howe413,M,GENERAL PRACTICE,605 Lincoln Street,Worcester,MA,01605,42.297756,-71.766815,20,0
474a47a9-6921-3257-acce-013773855c2f,02c936e2-3aee-38b2-88a4-81f3689b7bb7,Royce974 Kohler843,F,GENERAL PRACTICE,120 FISHER AVENUE,BOSTON,MA,021203320,42.3276141,-71.1051603,49,0
7eb5294a-f39f-3304-9193-3af8a7148daa,2b84e56e-08b4-3078-b3ea-4d159208e065,Verda448 Bahringer146,F,GENERAL PRACTICE,1029 PLEASANT ST,BRIDGEWATER,MA,023242301,41.9718173,-71.00937893001648,142,0
08f6d855-b630-3818-8229-39f76a458e99,05137a62-1a8f-34ff-8baf-a0c35c238ea0,Houston994 Olson653,M,GENERAL PRACTICE,750  ATTUCKS LANE,HYANNIS,MA,026011950,41.676027500000004,-70.29727035,4,0
de48fe51-8fb4-33d3-96e9-8393e217933a,7b9a19b2-d900-3f93-a47b-4b88491fb57b,Tommy814 Witting912,F,GENERAL PRACTICE,308 KINGSTOWN WAY,DUXBURY,MA,023324647,42.030389650000004,-70.73959947632582,2,0
fee404b7-d150-3989-b44d-1726752cf960,a14e698d-a9ba-3eae-9c8b-682ec726433d,Leticia253 Dueñas839,F,GENERAL PRACTICE,776 WESTERN AVE,LYNN,MA,019052408,42.466763,-70.9494939,10,0
c10faba0-9458-3590-9bf9-fb729241f087,a7147477-c4dd-3018-b921-2707d7e098ee,Chrystal576 Kreiger457,F,GENERAL PRACTICE,164 PARKINGWAY,QUINCY,MA,021695020,42.245070088637796,-71.00313070924581,4,0
4510ebee-2b93-3d26-84e7-6493bdbcf86e,b6eeaaf7-1683-3bcb-b6ee-81ce304636ef,Nicolás801 Nieves278,M,GENERAL PRACTICE,170 GOVERNORS AVE,MELROSE,MA,021763225,42.4564323,-71.064182,118,0
9c66858f-914c-38e7-ada5-0ab6ffa44953,d3085315-9893-34c7-8889-3a31dc17c2b0,Zachery872 Rau926,M,GENERAL PRACTICE,1428 MAIN ST STE 7,WALPOLE,MA,020811729,42.1325911,-71.2618886,14,0
b5a1829e-d654-3e09-9e71-9746cb47fd01,ace1ac31-036a-38fd-b451-b3b87157c717,Alejandra902 Thompson596,F,GENERAL PRACTICE,170 MORTON ST,BOSTON,MA,021303735,42.299067750000006,-71.10124351911541,75,0
0f5a3c36-0233-3199-88fe-638dec4e3cd7,469171e3-f6ec-3258-8e16-7038f6a439c0,Mireille557 Brakus656,F,GENERAL PRACTICE,COUNTRYSIDE DRIVE,MILFORD,MA,017571252,42.1413353,-71.5192019,2,0
30450d98-0f2e-3847-ad19-4955613aa539,7e97f720-f99d-3402-98a4-a144aaa5bd01,Damian46 Hansen121,M,GENERAL PRACTICE,210 JONES RD,FALMOUTH,MA,025402974,41.5614958,-70.6117407224321,63,0
93915731-4a27-3679-bbad-2572564717b6,b3ada130-6443-3a8e-98c7-4ec127a2b0c4,Natalya468 Haley279,F,GENERAL PRACTICE,ONE GREAT ROAD,ACTON,MA,017205601,42.4850931,-71.43284,1,0
60df9b6c-95f9-3e49-9c69-fcf0ba11518d,acffdfa8-1383-3929-8c99-e73969491439,Dolores502 Salinas3,F,GENERAL PRACTICE,1153 CENTRE ST,BOSTON,MA,021303446,42.3017598,-71.12855793387442,571,0
590ec327-0f0c-30b4-9632-e77fd128a37a,45ce6eff-535b-37e2-bed3-1946200aa03f,Sang383 Blanda868,M,GENERAL PRACTICE,309 BELMONT STREET,WORCESTER,MA,016041059,42.280233499999994,-71.7694812367883,75,0
39c593af-5f94-321f-9df9-bbeb74e9c1f0,1e11392b-1278-3e70-93cd-f396cbd0c265,Gino587 Block661,M,GENERAL PRACTICE,115 LINCOLN ST,NATICK,MA,017607700,42.2843753,-71.3441395,26,0
102859e4-659c-3d1c-88aa-cccd70e2a151,6cf8a214-8d57-3267-85e5-7719e15cd63e,Cindie288 Zulauf375,F,GENERAL PRACTICE,170 MORTON STREET,JAMAICA PLAIN,MA,021303735,42.299067750000006,-71.10124351911541,204,0
c4c18089-618f-3e27-b64c-9ca41a247ccc,13161e5b-02d2-3d19-8b48-26ef0becfc83,Erasmo545 Crooks415,M,GENERAL PRACTICE,165 CAPTAIN'S ROW,CHELSEA,MA,021504019,42.3917638,-71.0328284,15,0
926f4c93-60e6-3631-af13-df478eaf6c0a,4bc0cc09-77e5-37f5-844d-64a6637cae54,Ahmed109 Feil794,M,GENERAL PRACTICE,91 EAST MOUNTAIN ROAD,WESTFIELD,MA,010851801,42.110743549999995,-72.70066160206358,996,0
fec4e5a7-6aed-3033-b659-d02de36ff080,0fedae9f-701f-3317-9b2f-69aea2202cdc,Sharron285 Batz141,F,GENERAL PRACTICE,88 EAST NEWTON STREET,WINTHROP,MA,021522715,42.3750976,-70.982827,337,0
be7dd99e-7aa9-318d-b11d-d660a2eaade5,0cc04ba5-137a-3ef8-acda-e79b25960b2a,Fallon874 Homenick806,F,GENERAL PRACTICE,25 ADAMS ROAD,WILLIAMSTOWN,MA,012672928,42.7009605,-73.18515951851253,20,0
b3554403-2bda-34bd-8acd-65417b1c2bad,3e16ee4b-2dc7-3e29-ab5b-0ce980c362b1,Pandora807 Sauer652,F,GENERAL PRACTICE,1200 SUFFIELD ST,AGAWAM,MA,010012933,42.04892565,-72.63626743195428,1,0
4a013c6b-bcef-3a40-8f6f-c3dc884bc9f2,aade280a-3b90-3e48-9648-91109a964a63,Esperanza675 Berríos934,F,GENERAL PRACTICE,909 SUMNER ST,DARTMOUTH,MA,027473826,41.6332267,-70.9879928,134,0
8f4c2d28-11d6-3fda-a362-0eed0b3d6342,981338c4-287c-3621-bc45-8b0b9f1b8922,Denis399 Kohler843,M,GENERAL PRACTICE,640 BOLTON ST,MARLBOROUGH,MA,017523999,42.3658183,-71.55914630258509,39,0
f7e070ee-e7f6-3843-87fc-36ec5fc71ddd,7a3b8310-02eb-3c47-aa1b-3f55b3ed9de9,Leif534 Dare640,M,GENERAL PRACTICE,6 HATFIELD ST,NORTHAMPTON,MA,010602545,42.333172950000005,-72.6566355591273,2,0
d6ef04f8-4d44-3b36-90ee-e7fe1cde1d32,f480acd0-7ef1-350d-aae6-d8e7d53ace57,Gil594 Ondricka197,M,GENERAL PRACTICE,1193 SEA ST,QUINCY,MA,021693544,42.26883395,-70.95264075087945,38,0
82e9e006-1d04-3083-9fb4-32096c4bf8ab,794b1cc2-97be-30a4-83a0-4bf6add43c74,Hugo693 Gutmann970,M,GENERAL PRACTICE,215 THATCHER STREET,BROCKTON,MA,023023949,42.0740963,-70.99660306096918,5,0
39dfeb1f-5b1a-3577-9ad1-5cfcfbfa746b,440fa4b8-c731-3cf5-81d9-aa3f30a37b95,Bennie663 Abbott774,M,GENERAL PRACTICE,41 & 45 MALL ROAD,PEABODY,MA,019602901,42.5278731,-70.9286609,343,0
946bf5b9-52fe-3fc1-9ee9-935d7a866ef3,0fab3c4e-a028-39a6-b15a-be5a88b6aa2a,Cletus494 Paucek755,M,GENERAL PRACTICE,222 STATE STREET,LUDLOW,MA,010563437,42.15547415,-72.47222226666076,93,0
8d97a7b6-126f-3cf2-910a-c5cc53bbcdb0,3b021cb6-4745-3d9d-8436-230055f770bd,Dusty207 Franecki195,M,GENERAL PRACTICE,148 CHESTNUT ST,NEEDHAM,MA,024943238,42.27728075,-71.23665362814043,100,0
9e49219b-228a-31a8-a1a4-c0686acad46e,7b95b4ab-5bb6-3abc-b0e5-02689f84228d,Audra143 Beatty507,F,GENERAL PRACTICE,20 POND MEADOW DR,READING,MA,018673261,42.516645499999996,-71.09917578750729,3,0
ae47bb3a-ad7a-3df3-86f9-93c7a1c46ee7,aaa7ebaf-b1a0-38c1-ba89-a16712cf431c,Buford910 Halvorson124,M,GENERAL PRACTICE,16 PLEASANT STREET,BRIDGEWATER,MA,023242420,41.98625885,-70.97978204646246,29,0
ff0488e8-3de7-322b-8e92-164a094dd00f,ab074997-79db-3114-b6ac-5c21cda8ee3a,Maryanne663 Abernathy524,F,GENERAL PRACTICE,111 HEADWATERS DR,HARWICH,MA,026451028,41.705945549999996,-70.08904355,1,0
57cb188f-1d9f-3cff-8214-0dc92c9b8aee,ce53c877-0290-390a-b4b4-2462001a1713,Anabel269 Hilll811,F,GENERAL PRACTICE,847 ROGERS STREET  SUITE 201,LOWELL,MA,018524345,42.6275246,-71.27673639687623,9,0
c2dbe5b5-477b-39b3-8aac-c210ceddf736,36705572-6b8a-337d-9d01-be1087ce4650,Lindy582 Corwin846,F,GENERAL PRACTICE,233 WINTHROP ST,TAUNTON,MA,027804428,41.89112605,-71.11254102062864,92,0
7d8ba27f-9bbc-32f2-9af9-22f8c5d2aa2d,57e4e5fa-d68d-3caa-a5ad-37beb1b51207,María José279 Delgado712,F,GENERAL PRACTICE,800 WASHINGTON ST,NORWOOD,MA,020623487,42.1886973,-71.2005241,36,0
aadf977c-23b1-3e00-a593-459218550a2e,2befa435-3070-3350-a15c-e43ac1e84b24,Teressa589 Schuster709,F,GENERAL PRACTICE,575 BEECH STREET,HOLYOKE,MA,010406604,42.20105435,-72.628169560868,162,0
899543cf-98b1-3276-9111-9f21fc316dcd,00ffb204-07b4-3c72-a678-fa252e6cf86c,Kathlene786 Satterfield305,F,GENERAL PRACTICE,450 BEDFORD ST,LEXINGTON,MA,02420,42.47370735,-71.25090005,39,0
8decb746-8971-30aa-85cc-bcf10832b304,ad82d624-72eb-3c7d-a76d-79f2668d1390,Mathew182 Howe413,M,GENERAL PRACTICE,3 WOODLAND RD,STONEHAM,MA,021801711,42.452443099999996,-71.08939988105112,40,0
5bcb1c12-3ec8-374c-a59e-fe66f5e2a774,b8421363-9807-3b16-a146-95336eea5cfb,Catalina187 Covarrubias273,F,GENERAL PRACTICE,30 LOCUST ST,NORTHAMPTON,MA,010602052,42.33032115,-72.65330802608176,114,0
de49a660-51da-3dfd-b951-9edd00ac6a5a,3498e7d3-90fd-366b-bc6a-6f41dad6bae6,Pat3 Bradtke547,M,GENERAL PRACTICE,112 WEST MAIN STREET,NORTHBOROUGH,MA,015321824,42.318559050000005,-71.65097281611972,15,0
03d8a475-4e93-350f-a05a-78346ca3f59d,fbd4ccdf-2fdb-3652-9bbe-1ccff886bd34,Jermaine675 Collins926,M,GENERAL PRACTICE,320 CENTRAL STREET  UNIT A2,SAUGUS,MA,019062372,42.4632069,-71.0093761,4,0
01e1be29-fd22-3079-b22d-0be339630e15,901c2d40-1ca3-3879-9a20-c663b8adc0a9,Gloria696 Meraz691,F,GENERAL PRACTICE,800 WASHINGTON STREET,STONEHAM,MA,021802445,42.4863168,-71.0928919,448,0
67842fe1-ac16-309b-8b12-3273f6d2a363,70d5bbef-3c05-3318-b9d7-003dc8fbb8cf,Shenika151 Little434,F,GENERAL PRACTICE,33 SUMMER ST,TAUNTON,MA,027803479,41.9005416,-71.08895606814966,3,0
1606821a-fd97-3369-80e1-2ce82243e6bf,7a75decf-7d3f-3b0d-8c2b-3abf0a8c7f58,Afton574 Kulas532,F,GENERAL PRACTICE,169 LIBERTY ST,MIDDLETON,MA,019491003,42.615226050000004,-71.0144865346162,121,0
974296a2-af64-37b6-808c-9747cb4ab604,38508743-50d1-3429-8fe2-37e42ddaf20e,Erick204 Mayer370,M,GENERAL PRACTICE,164 HIGH ST,GREENFIELD,MA,013012778,42.595268700000005,-72.59288632376354,176,0
e6e636bc-e7a7-397c-8d96-363e4ea4b381,328f813e-4de8-3ec2-a113-43f3ddfb0b2a,Mateo562 García15,M,GENERAL PRACTICE,30-40 WESTPARK STREET,BROCKTON,MA,023015241,42.0834335,-71.0183787,45,0
64e8dad5-720d-3d1b-b4c1-563624b77104,8d110f42-6f75-3751-b0c5-b45ab08333a1,Lino542 Feest103,M,GENERAL PRACTICE,88 WASHINGTON ST,TAUNTON,MA,027802465,41.9062805,-71.09518121351795,83,0
83e45890-2c53-3894-835a-6edc6685756a,200746fc-5d0f-3ec7-a2a9-3d9a219ee139,Latrisha74 Rippin620,F,GENERAL PRACTICE,800 CUMMINGS PARK  SUITE 3100,WOBURN,MA,018016355,42.4977745,-71.1237712,4,0
43c64cd8-4e76-31fc-bf6d-3245c0ddac15,5018c664-e283-30eb-932a-529d9a19b3b5,Numbers230 Stehr398,M,GENERAL PRACTICE,300 SOUTH ST,WOBURN,MA,018014979,42.473347,-71.144086,186,0
cff889f5-950e-34a4-bff2-8b1cd62a7565,4ff3563e-f909-3a06-902d-26c28d9d5355,Soraya693 Cormier289,F,GENERAL PRACTICE,876 FALMOUTH RD,HYANNIS,MA,026012322,41.6619029,-70.31909857281401,1,0
700270f9-cc90-3efd-8376-4f118f4fa003,847ba43f-362d-3325-a095-93eb95d9dd90,Anton902 Bayer639,M,GENERAL PRACTICE,60 E SILVER ST,WESTFIELD,MA,010854434,42.1147598,-72.73956114707532,1,0
ad4c24f2-7709-3cf6-bacc-42d72cfe81e9,d140ed3f-2696-3e78-bd77-1c959ec4fc4d,Jamal145 Marks830,M,GENERAL PRACTICE,863 HATHAWAY ROAD,NEW BEDFORD,MA,027401916,41.6512968,-70.9669902070805,13,0
d13b547f-fa11-385b-b461-64dca51d4f9a,1cff30ba-b91f-3ea2-b80b-770d67856358,Duncan491 Halvorson124,M,GENERAL PRACTICE,359 JONES RD,FALMOUTH,MA,025403341,41.5591273,-70.60352436630029,13,0
5dc76fe1-e322-3fb4-a4ac-af174bad210c,d4e48a16-0a60-3e90-81e5-c35b22ffe6af,Elmer371 Kutch271,F,GENERAL PRACTICE,856 STATE RD,NORTH ADAMS,MA,012473027,42.69967208677275,-73.16330754755236,4,0
320e3ccf-9a33-361e-80af-17473f00a4ad,b53dc1b7-43b0-3c43-a73f-304165633a59,Junior695 Leffler128,M,GENERAL PRACTICE,63 MAIN ST,HYANNIS,MA,026013202,41.6562005,-70.27336188244256,34,0
6ae0e5ab-92c9-3e93-9745-6a290ac170a1,4ff8b164-4cf5-3ab4-b0f2-7ce8fda920e5,Latrisha74 Mante251,F,GENERAL PRACTICE,800 WASHINGTON ST,WORCESTER,MA,016550002,42.180483,-71.867782,30,0
f42d86a7-9d45-3249-b62f-b28f5d0c312c,c58f91d8-cd19-30c4-9f61-4eb50ae5d837,Rolando809 Senger904,M,GENERAL PRACTICE,10 CENTER ST STE 209,LYNNFIELD,MA,019402663,42.5389836,-71.0481084,4,0
766cf48f-b95b-3d1b-91a7-f09e987e1400,bccd7d67-203c-3d93-b6b0-bff5a146cd1d,Courtney281 Kihn564,M,GENERAL PRACTICE,286 WASHINGTON ST,STOUGHTON,MA,020721763,42.1384306,-71.1022598,9,0
3fe6cf13-eb30-3401-a249-ba826b534456,263d1b03-1560-3fc3-b93d-c33a0cbd5837,Clemente531 Treutel973,M,GENERAL PRACTICE,10 RIVERSIDE DRIVE  STE 201,LAKEVILLE,MA,023471689,41.8771119,-70.92344635,1,0
9b86ca00-a594-3372-847f-40329aaec7d4,4e880cb9-1ca0-3582-b8cf-8a59b0d2b878,Mao115 Bednar518,F,GENERAL PRACTICE,51 S CHURCH ST,PITTSFIELD,MA,012016178,42.44648205,-73.25863241543368,16,0
6ae4425e-9626-30bf-9e57-f248df2c090a,a2a41caf-758f-3962-8e5f-e6e603f93d17,Rhett759 Padberg411,M,GENERAL PRACTICE,111 HUNTOON MEMORIAL HWY,ROCHDALE,MA,015421305,42.2020225,-71.89891616754682,332,0
db5814aa-5340-30df-9340-fc353d3bb5be,ca62a361-9c79-32d1-92cc-ffc0d5d19679,Benedict104 Barrows492,M,GENERAL PRACTICE,19 HENRY ST,SHARON,MA,020671714,42.109147300000004,-71.20768205338297,29,0
b8891b26-189b-3ff9-9fa1-75f8abe43119,db28cc9a-fdfb-35a6-aef7-ab9b933ef244,Clement78 Gleason633,M,GENERAL PRACTICE,8 DANA STREET,CAMBRIDGE,MA,021385402,42.3694992,-71.11011030010101,1,0
394790bf-6924-3a1b-8244-7727577ec1e6,ee6705d5-db4a-3120-bbe1-1e72972a841f,Regena252 Huel628,F,GENERAL PRACTICE,101 JACKSON ST,LOWELL,MA,018522103,42.64221447368421,-71.31029421052632,45,0
180060f6-83fc-3ae7-8137-dbfa122f1a5e,a6fb79e7-4abb-3a68-b62d-e501427fdca4,Ricky354 Renner328,M,GENERAL PRACTICE,489 WASHINGTON ST STE 202,AUBURN,MA,015015709,42.187836,-71.83104,1,0
33a55d04-3355-3150-bc30-563bbd3ed9be,9d0e702d-50a0-3f4c-9126-0951d560fd4b,Manuela585 Griego535,F,GENERAL PRACTICE,189 MAY ST,WORCESTER,MA,016024339,42.25986305,-71.83597786023279,33,0
425ca71e-37cd-3b5e-9bd1-a6866e17c139,ea8d287f-b3a9-3800-8798-788e334ee406,Shirly501 Kuphal363,F,GENERAL PRACTICE,81 HIGHLAND AVE,SWAMPSCOTT,MA,019072928,42.4699241,-70.9171507,54,0
fcfce5a7-f2fd-3250-88f2-2fd9dc2e2738,c7542447-e06e-32cb-b6db-243c23a0dbc2,Chantell995 Krajcik437,F,GENERAL PRACTICE,30 WARREN ST,BOSTON,MA,021353602,42.3501483,-71.14393324457691,134,0
06586cab-664e-34e5-b5bf-d258e03b244a,d9fe2c9c-135e-3da3-8de8-1a0ff165d886,Bettina657 Marquardt819,F,GENERAL PRACTICE,1430 MAIN ST,WORCESTER,MA,016091121,42.2492003,-71.92931780325071,82,0
019b8cd5-5b9c-34f2-bf2f-e374a15434c5,aba3e6f6-4562-342e-b90f-dd61b117f394,Anita473 Urbina137,F,GENERAL PRACTICE,438 CHESTNUT STREET,SPRINGFIELD,MA,011072008,42.11291091861002,-72.59692685125127,32,0
65ba0d11-9b2b-3b56-b675-99be7a2a8f96,47fb5a56-bee5-3ecd-9958-706b20831c82,Karey608 Torp761,F,GENERAL PRACTICE,600 CUMMINGS CENTER  SUITE 270X,WOBURN,MA,018016356,42.4792618,-71.1522766,6,0
153d2f08-12f2-391a-92d1-a6badf008585,30547c24-6d41-3a9d-8a21-cc3606224d38,Miguel815 Carreón894,M,GENERAL PRACTICE,1200 BRUSH HILL ROAD,MILTON,MA,021862337,42.23073215,-71.122659913074,2,0
1e13a7cf-e924-3e70-a449-5282e157142c,eee00932-ca82-36bc-b7e8-e3fff6dbaeaa,Leif534 Hane680,M,GENERAL PRACTICE,450 BROOKLINE AVE,WEYMOUTH,MA,021893141,42.2212188,-70.9391625,157,0
f32fb7eb-22e9-3d76-b237-877004c5a5d2,be509ccb-bfb7-3b87-8945-8426b689ef9d,Man114 Balistreri607,M,GENERAL PRACTICE,2049 DORCHESTER AVENUE,BOSTON,MA,021244742,42.3554334,-71.060511,1,0
55960b42-9102-32c8-bf2f-4448eede9151,a06b1a97-d6ce-3ea1-ba4a-2ef85a8114ab,Kyle55 Goyette777,M,GENERAL PRACTICE,400 GROTON ROAD,AYER,MA,014321171,42.57821195,-71.5733060441645,3,0
3498dcf5-5812-3342-9d3a-b79ffe258c37,f8918a95-31e8-3ac4-8d12-29ca6080ebda,Rudolf736 Vandervort697,M,GENERAL PRACTICE,199 REEDSDALE RD,MILTON,MA,021863926,42.251368299999996,-71.0768393856917,149,0
60b389d2-12d2-3358-a1c9-6cfe42dc3a7a,bce5b907-584b-345d-bbcf-912cf56cb6c3,Katia630 Parisian75,F,GENERAL PRACTICE,11-15 SANDERSDALE ROAD,WORCESTER,MA,016032467,42.0667952,-72.0084995,50,0
797d850b-4e97-311b-bcc9-6b52d3b16df3,3ff0f58b-7a1f-3334-9449-ff15f68b7d86,Crystle668 McCullough561,F,GENERAL PRACTICE,275 SANDWICH ST,PLYMOUTH,MA,023607761,41.94186605,-70.6455366462985,433,0
641ddec6-511d-3765-a906-112418bc1059,4e0ec952-dd08-359e-87af-b13809b955ac,Modesta635 Mills423,F,GENERAL PRACTICE,37 DERBY ST,QUINCY,MA,021697564,42.2509914,-71.0037374,29,0
ed96de40-52da-3ab9-b2a8-78921e07580e,70e3ad4f-b9ff-3f3e-9990-2cd7e23a9d1c,Zane918 Bosco882,M,GENERAL PRACTICE,1238 RIVERDALE ST,WEST SPRINGFIELD,MA,010894675,42.1373438,-72.62624707492338,4,0
03d0afad-6985-3146-8eb8-17e4305ba1f0,75846b1f-d0ec-3255-9bdd-d09eb0a9dd0d,Paul232 Bartell116,M,GENERAL PRACTICE,575 BEECH ST,HOLYOKE,MA,010402296,42.20105435,-72.628169560868,46,0
dbd987be-cfaf-30f1-9be5-58679b3acbe3,004554b4-3068-3938-832d-fa7cbe1cd1fb,Luba688 Littel644,F,GENERAL PRACTICE,25 STONEHAVEN DRIVE,WEYMOUTH,MA,021903951,42.1589443,-70.94970431672323,1,0
5616cd8f-f0e9-3154-8ecb-5a86b0b7e573,dae3ee01-f383-366e-9ad6-dc92963064ea,Kristin64 Will178,F,GENERAL PRACTICE,1233 MAIN ST,HOLYOKE,MA,010405381,42.16578055,-72.63389634691956,162,0
28fbd0b3-e32d-3a8f-8f24-b52cb42fd28c,a7b047dd-186a-32de-8187-b0853c05aed6,Dustin31 Mayert710,M,GENERAL PRACTICE,180 LOW STREET,NEWBURYPORT,MA,019503519,42.815683050000004,-70.89666045994463,7,0
311fa486-8ed1-306e-923b-11b22aeefed9,371948e4-733a-33b6-a835-68abefdeb59f,Zachary28 Gleichner915,M,GENERAL PRACTICE,197 ADAMS RD,WILLIAMSTOWN,MA,012672930,42.704126099999996,-73.19043030392987,117,0
fd6a0558-a07a-36ee-a748-aa472f5a1284,679a8e99-0f35-3eec-94ed-d8341e9fe33c,Tony646 Hahn503,M,GENERAL PRACTICE,140 WEBB STREET,WEYMOUTH,MA,021882736,42.22281125,-70.96226691624932,2,0
b2473991-27fe-37f5-a8b2-b9d43618e6e6,63b4f233-fb49-3b1e-a17c-2d572367b131,Tanika746 Baumbach677,F,GENERAL PRACTICE,2222 CENTRE STREET,WEST ROXBURY,MA,021324034,42.27370345,-71.15856364656862,4,0
c61f6d08-097d-353c-a508-c148d6f2c696,f82ff162-c689-3682-876c-220cf96eb97b,Janey243 Schoen8,F,GENERAL PRACTICE,74 MAIN ST,FRAMINGHAM,MA,017022952,42.2976266,-71.42605348361442,30,0
9623f219-b809-3dc8-b779-fab449895486,af3871c3-2098-3051-bcb7-8a919e194a16,Sherwood961 O'Conner199,M,GENERAL PRACTICE,97 LIBBEY PKWY,WEYMOUTH,MA,021893110,42.19322885,-70.94589987654936,12,0
9c97a485-e714-3450-a13c-b8ad46f23d94,542185c1-943a-30f4-aba0-0efaa92488a4,Luetta803 Rau926,F,GENERAL PRACTICE,142 LAKE ST,ARLINGTON,MA,024764738,42.40328885,-71.15140830652837,19,0
2e89f4cd-0df0-3cb2-8f35-329d0ef220da,d27d82d9-29ca-3b12-aa19-97c3de45247f,Franklin857 Kohler843,M,GENERAL PRACTICE,3 LYMAN ST,WESTBOROUGH,MA,015811442,42.2807083393633,-71.60631230525046,2,0
9b4231bf-d687-3340-a554-27f44f18b650,9f2f60a6-87a4-3f45-b753-b63b5b7e9993,María Cristina383 Gamboa193,F,GENERAL PRACTICE,332 HANOVER STREET,BOSTON,MA,021131901,42.3647421,-71.0536619,150,0
19f885b4-2133-3355-a0a9-985b029a3c02,44cb1162-a345-3477-8723-c202a3c8cdcd,Shaquita282 Graham902,F,GENERAL PRACTICE,73 W MAIN ST,HOPKINTON,MA,017481619,42.21799145,-71.54005509979045,29,0
f0ae898c-f29d-3a4b-bed4-63610b28f045,1de1aeee-4088-391b-af7a-95d7cfaeaf32,Jerrod232 Denesik803,M,GENERAL PRACTICE,57 PROSPECT ST,NANTUCKET,MA,025542799,41.27514065,-70.10108985970798,196,0
0099a017-9541-31ca-9532-164a3bb5b13a,f312977e-8f41-3816-84cc-e5b12ba36955,Eldora89 Langosh790,F,GENERAL PRACTICE,1153 CENTRE ST,JAMAICA PLAIN,MA,021303446,42.3017598,-71.12855793387442,74,0
a5e7ae34-e487-3257-97a9-f33178f628e3,0519b293-2e92-3eb3-aeef-233da0babc93,Joslyn677 Friesen796,F,GENERAL PRACTICE,40 PARKHURST ROAD,CHELMSFORD,MA,018241511,42.6198215,-71.36189212971482,36,0
aeb33f32-d157-351b-b816-c4b2986fc3de,5c896155-eb9a-383e-9162-a43ebb7f1cc5,Sammy219 Mayert710,M,GENERAL PRACTICE,400 LINDEN PONDS WAY,HINGHAM,MA,020433784,42.1972249,-70.91712645007524,7,0
4739649c-0133-3fe8-80f2-8ca3b0e23eda,a730c5e6-a15f-3e36-8112-8579e507d330,Althea11 Ankunding277,F,GENERAL PRACTICE,28 LORD RD,MARLBOROUGH,MA,017524549,42.34718040987546,-71.57283065352654,209,0
f9a2d669-a70d-3a82-9261-235ea54ebe72,bebc1dac-6c42-3225-b0ba-23278cdf2a62,Cherry401 Hackett68,F,GENERAL PRACTICE,464 MAIN STREET,AGAWAM,MA,010011826,42.07695165,-72.62026217030348,7,0
173e2969-bac8-38fa-8d63-1b714119cac0,5a6fa8a5-90e2-3f70-bb3e-3d9dd7ad2f96,Myrle831 D'Amore443,F,GENERAL PRACTICE,44 NEW LOMBARD RD,CHICOPEE,MA,010204857,42.1678446,-72.54203576723424,2,0
bbaf5f4f-978f-3ca8-8d3a-77fba0a1f0a6,ce4d0501-49eb-396a-bc56-545fdfc624b0,Bea654 Daniel959,F,GENERAL PRACTICE,1 HOSPITAL RD,OAK BLUFFS,MA,025571406,41.46063105,-70.57989080295974,176,0
011d3272-74f1-3656-bbad-ac5f634e3c8d,e69e7cbb-8362-30d1-83f2-3a0c492fe2b1,Isaac321 Kub800,M,GENERAL PRACTICE,110 LONG POND RD,PLYMOUTH,MA,023602642,41.9255829,-70.65514326847389,98,0
2d34c4d0-c091-3bf7-b133-604eead4c7c7,1ef8d603-bec1-35f5-a830-2a0b919cf47f,Dudley365 Kutch271,M,GENERAL PRACTICE,1801 TURNPIKE STREET,NORTH ANDOVER,MA,018456322,42.6355548,-71.0761760490546,6,0
68616546-d6b3-3503-8c95-76832437146e,1533e36d-5650-326a-bbfd-cfe50a24fab9,Thalia561 Smitham825,F,GENERAL PRACTICE,200 NICKERSON RD STE 110,MARLBOROUGH,MA,017524641,42.333604199999996,-71.58894854839346,1,0
b065cde0-a7ef-3e0d-8933-fe3c65e68ef1,06cc2462-430f-3322-9c87-7e971125f510,Kai187 Mann644,F,GENERAL PRACTICE,133 OLD ROAD TO 9 ACRE COR,WESTFORD,MA,018863198,42.5792583,-71.4378411,520,0
879a61b4-1403-3ae7-8c2d-6d6967f7a805,479427f6-9419-3eba-b2c2-b037b4b89493,Karlene380 O'Keefe54,F,GENERAL PRACTICE,180 GEORGE WASHINGTON BLVD,HULL,MA,020453069,42.2630377,-70.8606109,33,0
c7c13145-7ae2-3a35-9a23-da4ad25ba68e,ee7fab6f-6438-394f-b1f2-3e452f8f055a,Domonique463 Satterfield305,F,GENERAL PRACTICE,75 BRIMBAL AVENUE,BEVERLY,MA,019156009,42.570099299999995,-70.87108224250409,10,0
ac2bf5aa-ec1f-38f4-8ac4-ae706d391be9,79508e39-d0b0-3613-9d54-168f6e1c3a18,Lynwood354 Tromp100,M,GENERAL PRACTICE,200 GROTON ROAD,GROTON,MA,014502056,42.577352149999996,-71.57414587343038,31,0
0594d9a8-8b51-30c7-92d8-c70b31730433,922d1031-d968-39c2-b73c-d5a495c39068,Carlena776 Steuber698,F,GENERAL PRACTICE,350 LINCOLN ST STE 1102,HINGHAM,MA,020432801,42.248735,-70.9209846,29,0
b5eab9c4-8858-3bc0-881e-2cd1ac11f690,880fad59-9c38-3a21-a39f-ccc801502ab3,Halina47 Pollich983,F,GENERAL PRACTICE,799 CONCORD AVENUE,CAMBRIDGE,MA,021381048,42.390849395521705,-71.1556550001627,3,0
1978b98a-2521-37db-bde4-3ecf576b55f3,352f2e3b-0708-3eb4-9f7e-e73a685bf379,Araceli695 Willms744,F,GENERAL PRACTICE,157 UNION ST,SOUTHBOROUGH,MA,017721215,42.3056501,-71.5245087,39,0
03b3fc8f-9592-3b4e-aee5-9d3bab793e7e,a2d45ee8-b930-3169-b612-f602961ad212,Florance664 Leannon79,F,GENERAL PRACTICE,37 MINUTEMAN WAY,SHREWSBURY,MA,015452229,42.288207,-71.73443816915585,28,0
90062f47-ed8b-3783-8f4e-91928c92fd50,d0894f6b-78d7-338d-82ad-b63de4d40014,Dewayne363 Lemke654,M,GENERAL PRACTICE,330 MOUNT AUBURN STREET,WALTHAM,MA,02452,42.3756401,-71.2358004,36,0
0067aba0-3577-35a3-9861-f886b5fb9638,f43f97f2-af04-3ed0-a42e-3681718cc9b2,Jacques50 Quigley282,M,GENERAL PRACTICE,725 NORTH ST,PITTSFIELD,MA,012014109,42.4600752,-73.2492795834909,100,0
87c1ece2-bacf-3bce-b09b-05015afef7de,fd5342f0-10c0-3f48-9c7e-7100a64db139,Robby860 Abshire638,M,GENERAL PRACTICE,30 PRINCETON BOULEVARD,LOWELL,MA,018512405,42.6353691,-71.3322833,1,0
e936f7c7-c0c0-35e6-b4da-cad27079877f,326bc5bc-8da8-3337-a76a-7d44202dae3d,Charley358 Hermiston71,M,GENERAL PRACTICE,184 SWANTON ST,WINCHESTER,MA,018901921,42.4606573,-71.13806547771736,3,0
8237b43a-e87e-3924-aeca-c7175061c518,52efa2e5-007f-3396-a83a-28ca015f0595,Ranee391 Turner526,F,GENERAL PRACTICE,20 N PARK AVE STE 2200A,PLYMOUTH,MA,023604090,41.960434631488596,-70.67007876763536,14,0
8bd9a15f-b9f7-3c9f-8500-26811ff9ea6a,19439108-9835-38fe-8ee2-1226a355cfba,Anderson154 Kunze215,M,GENERAL PRACTICE,694 WORCESTER RD,WELLESLEY,MA,024822837,42.2964859,-71.2925571,2,0
e4df425e-ddea-341b-b58d-4a38f188cb3d,0506a7b9-05cd-32d6-a687-7589e67f8587,Nenita289 Ullrich385,F,GENERAL PRACTICE,111 HUNTOON MEMORIAL HWY,ROCHDALE,MA,015421305,42.2020225,-71.89891616754682,1,0
d45e53e0-dcd4-3a01-bfa2-1ad8495a5d18,94ac48ba-e215-3ab9-ba88-a0b926d29cef,Barton704 Hahn503,M,GENERAL PRACTICE,300 WINTHROP STREET,MEDFORD,MA,021552311,42.421527,-71.11834,2,0
544cd811-7d3c-35f9-8fc0-02fdbdac21e3,069b90f9-309b-35e4-b990-d1dbacb962cc,Leo278 Strosin214,F,GENERAL PRACTICE,36 LOWER WESTFIELD ROAD,HOLYOKE,MA,010402749,42.16975305,-72.63488031242107,5,0
cd11106e-a118-30ed-8c6d-12fc6e2669f1,e5ce3b83-f5e6-308d-aa64-82539fc2d906,Kyong970 Dach178,F,GENERAL PRACTICE,1842 BEACON ST,BROOKLINE,MA,024451922,42.33728028715071,-71.14536064081996,2,0
17d86056-443a-371c-8a73-c25bc7e63df2,f438b8e0-d856-328a-b193-2b014fc4cb97,Karri995 Reinger292,F,GENERAL PRACTICE,981 VARNUM AVENUE,LOWELL,MA,018541913,42.64591185,-71.36487149058269,9,0
8d380f20-3ebb-322c-a395-d0a5505b6322,936ceb96-2b12-371f-aa68-ee02a9c06f4c,Eddie505 Keeling57,F,GENERAL PRACTICE,225 BOSTON ST,LYNN,MA,019043124,42.470497449999996,-70.96003668151566,29,0
db8b04b3-746b-3711-b0e0-c35eff5b9341,dfcd78f1-f67e-321d-84e3-f658c482c474,Sacha430 Wisoky380,F,GENERAL PRACTICE,64 WOODLANDS WAY,BREWSTER,MA,026312550,41.737807,-70.0036669,38,0
4b065707-6615-38c1-a6f8-886df2bd70cc,0a8a4b11-d0b8-3cd2-92cd-983de5189cfa,Del587 Nicolas769,M,GENERAL PRACTICE,111 BIRCH STREET,LYNN,MA,019021574,42.47859105,-70.93458444045801,5,0
974a552e-eb39-3960-a775-5effaf32ff21,7b7ce654-a413-37d1-9d34-97240c0ac580,Liberty95 Kihn564,F,GENERAL PRACTICE,1 WRENTHAM ST,BELLINGHAM,MA,020192532,42.025037350000005,-71.48945118224057,7,0
57f28475-d7ff-3ff9-969d-7bdf5d0bfe2d,7b20d1c4-c56b-3647-801c-5e4e13679073,Mozell819 Prohaska837,F,GENERAL PRACTICE,275 SANDWICH ST,PLYMOUTH,MA,023602183,41.94186605,-70.6455366462985,8,0
a955e820-a672-3fb2-968b-669580cacbf2,880c8804-deb0-35b0-9132-06950118b8b3,Elijah719 Flatley871,M,GENERAL PRACTICE,150 LINCOLN STREET,NEEDHAM,MA,024922914,42.2743931,-71.23662905222776,1,0
0d71a529-852d-3e31-be4b-622bda41b26b,281525ef-5743-34a8-9339-66c8b4be6668,Dane516 Crona259,M,GENERAL PRACTICE,555 PLANTATION STREET,WORCESTER,MA,016052376,42.2907683,-71.7649752,9,0
2ad5b9ab-a9c8-3eca-b296-e193ae8e86a6,3e97ce4f-3ad7-3cea-883f-e2bb4ca89d83,Fidel864 Swift555,M,GENERAL PRACTICE,30 NEW CROSSING RD,READING,MA,018673270,42.51809619399502,-71.0959083715027,3,0
e33d2b67-e2da-38de-bf62-b2e37a12bc7b,c0132cf6-1703-3aad-89b4-cc2f2bbc123e,Neville893 Schoen8,M,GENERAL PRACTICE,66 NEWTON STREET,WALTHAM,MA,024536058,42.3746705,-71.22789736306842,6,0
21ee034c-146a-33f5-b078-338d8b6321e0,a079d416-e8fe-3286-8ef3-6d289d7b5ad9,Nan75 Collins926,F,GENERAL PRACTICE,233 Stevens St,Hyannis,MA,02601,41.651745,-70.294235,33,0
9fbff6f5-99fe-3162-addd-c36746ce4fcb,79d49935-bcc0-36ca-920b-45365c367438,Sherita708 Hudson301,F,GENERAL PRACTICE,409 W BROADWAY,SOUTH BOSTON,MA,021272245,42.336831,-71.047958,31,0
c2689a36-49d9-3510-9b35-db8d8c8ec207,680532c8-2661-3b39-875a-b6ec0746ccf5,Buford910 Dach178,M,GENERAL PRACTICE,30 ATHOL ST,ALLSTON,MA,021341124,42.36075595,-71.13397379082869,124,0
dc97a165-2bd6-35b3-9f7e-9b93c900272c,51370692-6296-3150-8672-559fc73f964f,Jeromy156 Okuneva707,M,GENERAL PRACTICE,75 FRANCIS ST,WEST BRIDGEWATER,MA,023791542,42.0219112,-71.019004,315,0
c0bd5f3f-0066-35a1-b82e-f928471e501b,c6b019eb-28ec-36f6-abf3-bcc4d1d58966,Maren639 Aufderhar910,F,GENERAL PRACTICE,33 AVON ST,WAKEFIELD,MA,018802310,42.50403445,-71.07462951514611,31,0
43e9bf35-9301-3d3a-95f2-7bcd6103268a,dd8f40be-2c90-347a-abf6-c07a5ad4148f,Kirstin394 Bashirian201,F,GENERAL PRACTICE,105 CHESTNUT ST,NEEDHAM,MA,024922520,42.2784618,-71.23770041644639,34,0
ad468f98-2f27-3c97-bc55-746a6b49f33b,b3312a2d-37e9-35a8-b50d-6c165c437baa,Lorretta561 Reinger292,F,GENERAL PRACTICE,45 DIMOCK ST,ROXBURY,MA,021191029,42.32030665,-71.09721114916246,47,0
31ac0202-d4ad-3827-8a90-838345fe81e4,2836d9ac-c6a6-39d1-8f13-fdf0fc8928f4,Alysha630 Koch169,F,GENERAL PRACTICE,365 EAST ST,TEWKSBURY,MA,018761950,42.6069472,-71.2180803,223,0
3bf34951-fb54-30aa-b5e1-714845980b09,a2f8d8fe-665e-390f-8b9b-efdc0b14a77c,Pearlene638 Towne435,F,GENERAL PRACTICE,161 JACKSON ST,LOWELL,MA,018522103,42.6425382,-71.3093946,5,0
7375dad1-c745-3431-b50e-8dc76430b481,126b88f5-592a-3099-a433-c8b933f96d04,Charles364 Rempel203,M,GENERAL PRACTICE,573 GRANBY RD,SOUTH HADLEY,MA,010752122,42.23920485,-72.5586160752016,1,0
5766fdd3-a40f-3087-9efa-c09ccadcf741,82c72223-f521-3a34-9b9b-4ff366365399,Margaret865 Reinger292,F,GENERAL PRACTICE,2100 DORCHESTER AVENUE,QUINCY,MA,021691870,42.2509914,-71.0037374,51,0
261a9cd2-ecd1-333c-aa37-1779335bd90b,01516bed-cf23-30da-ad4f-967d65529743,Tena12 Davis923,F,GENERAL PRACTICE,67 BRIGHAM ST,NEW BEDFORD,MA,027402211,41.62716045,-70.9414201572985,41,0
a28a3d7a-fcbe-301b-800e-aa6ca56f52d5,f22bc2ac-f8bd-3f9f-9a40-93db37639d3f,Kirk871 Erdman779,M,GENERAL PRACTICE,735 ATTUCKS LN,HYANNIS,MA,026011867,41.6747631,-70.29768515601289,30,0
be4d478d-5cd7-371f-9f54-e6f3f0a04dfc,04b252db-4231-3cb5-963d-6f096fb4b97c,Lorie307 Grady603,F,GENERAL PRACTICE,1177 PROVIDENCE HIGHWAY,NORWOOD,MA,020625019,42.194543,-71.1994976,48,0
46f92411-6c6e-3140-9750-c7e91bb7109b,83579123-f29c-39b8-9f5f-8f79e91683c7,Reggie481 Kassulke119,M,GENERAL PRACTICE,100 CENTURY DR,WORCESTER,MA,016061244,42.3138278,-71.7707002,31,0
ea5c0d7d-1fcc-3f7a-8456-235c95b2d868,a94f4f6e-88ad-39ff-a935-dc87f13327b1,Carlos172 Wiza601,M,GENERAL PRACTICE,370 WEST STREET,LEOMINSTER,MA,014532073,42.535877150000005,-71.77537115047085,3,0
bccdc220-5069-3da9-8a62-bf94701dca52,4fa8411f-42f8-3353-8947-bf15254c9dee,Jess275 Gutmann970,M,GENERAL PRACTICE,90 GREENWOOD STREET,WAKEFIELD,MA,018804039,42.476321150000004,-71.06922169005762,7,0
d4b061e5-806e-3b52-ba12-e03ab6cf32a0,21989e2e-249c-3b79-acf0-240211e16b4b,Mignon230 Ullrich385,F,GENERAL PRACTICE,1290 TREMONT ST,ROXBURY,MA,021203432,42.3327398,-71.09194864251029,46,0
6969775e-99f0-3045-8de1-2e3c9cbe5f34,b411fd60-9bd5-30f1-99b4-c24a409964a1,Hilario934 Schumm995,M,GENERAL PRACTICE,42 ASBURY ST,SOUTH HAMILTON,MA,019821808,42.61322825,-70.87300675048934,19,0
f34f7c40-824d-3d21-aac4-6279b8c7a382,1de7e7d9-9a7a-3a3f-bf4c-b4de450711f2,Isabel214 Quintana711,F,GENERAL PRACTICE,198 LITTLETON RD,WESTFORD,MA,018863429,42.564282,-71.42620615382347,2,0
2555635f-e421-336d-8bba-47a322b92ca0,7e4a295e-51a9-3064-8f00-b10e1eec7f38,María José279 Cabán897,F,GENERAL PRACTICE,162 CHANDLER ST,WORCESTER,MA,016092924,42.26037525,-71.81434480717176,38,0
28c3e66b-3af5-3b52-9a60-d07a718a5f71,7345a4c0-52c6-3da2-8aef-fccb8ad3e8c4,Nathan164 Padberg411,M,GENERAL PRACTICE,114 TURNPIKE RD STE 206,WESTBOROUGH,MA,015812800,42.28414835,-71.60433295499837,1,0
6a5066bf-0d09-3974-a2fa-d57ca964924d,497f39dd-280e-3d58-af5b-c5e3a3a09b10,Arden380 Bergstrom287,M,GENERAL PRACTICE,27 PARK ST,HYANNIS,MA,026015230,41.65363635,-70.27352219234834,545,0
90af644c-b710-3f44-8dbe-df61e7fb6fca,0d7fd824-1c7b-3f8b-a662-f6c2005e82e1,Lyndon118 Trantow673,M,GENERAL PRACTICE,88 MASONIC HOME ROAD,CHARLTON,MA,015071394,42.1389039,-71.9782681,8,0
78b6e12e-0800-3357-a7c6-9ae4d76801d7,a525d084-5a8f-3859-a048-2130a4092ec8,Linette249 Runte676,F,GENERAL PRACTICE,2 MOUNT ROYAL AVENUE  SUITE 350,MARLBOROUGH,MA,017521976,42.34042135,-71.57841367654626,28,0
8ee39ea4-5b41-310d-8a2e-1af91fa29870,83445caa-116b-3a1e-a75e-8104d321c4c3,Peter292 Crona259,M,GENERAL PRACTICE,315 MAIN ST STE 101,NORTH READING,MA,018641326,42.596733799999996,-71.11988300141903,72,0
11b4cd5b-a84b-3e35-9d74-dd11979bdc08,7445ae34-b648-3d3a-b8cf-0eb630061b6e,Pearline482 Pagac496,F,GENERAL PRACTICE,34 CEDAR ST STE 4,WEST ROXBURY,MA,021324338,42.2792649,-71.1494972,2,0
7655f7f5-f620-3007-9893-0b0d510e2706,a2df2aea-9c53-31f4-baea-02ea5ea1e553,Almeta56 Lehner980,F,GENERAL PRACTICE,95 LAUREL STREET,GREENFIELD,MA,013013106,42.58163075,-72.61795013515538,10,0
4a84ac1c-6887-3dae-8b91-ab511d18650d,390a2aa4-70b4-3a64-a12f-9bd777834c8d,Hunter736 Howe413,M,GENERAL PRACTICE,710 MAIN STREET,HARWICH PORT,MA,026461931,41.669654699920855,-70.06169919459835,60,0
bc31a877-0c38-30d2-9cc0-103db5e4ff05,18a96051-91f4-3cba-af96-056ea14dfee0,Silva841 Grimes165,F,GENERAL PRACTICE,25 HIGHLAND AVENUE,NEWBURYPORT,MA,019503872,42.81369325,-70.89091645747592,127,0
01ae0186-052d-39cc-a153-8ec85ab1aa34,1ab2b5f9-cb95-3236-beec-9b9d4a407c61,Carroll471 Eichmann909,M,GENERAL PRACTICE,725 NORTH ST,PITTSFIELD,MA,012014109,42.4600752,-73.2492795834909,53,0
dcac42b7-5cec-34f1-811f-566726ef2cd8,1bed5229-19d7-3168-94a2-f1f2abb00270,Nilsa143 Moore224,F,GENERAL PRACTICE,88 WASHINGTON ST,TAUNTON,MA,027802465,41.9062805,-71.09518121351795,5,0
3fc71a29-aae1-309a-af83-844156b5d114,41e2a44c-477c-3511-96f9-12c476aa3b6a,Latoyia537 Lindgren255,F,GENERAL PRACTICE,85 E NEWTON ST,BOSTON,MA,021183553,42.336277100000004,-71.07085295687423,51,0
517cb3b0-db27-3843-b232-5528760c994d,f00601d0-d49e-30ed-bc3e-314379f2103e,Mitsue965 White193,F,GENERAL PRACTICE,490 MAIN ST,MELROSE,MA,021763841,42.4550741,-71.0654799,54,0
09c48047-bc97-3cf7-bde7-63400dd2ebbc,71a1e089-024e-3255-a536-9204586fa4fc,Allyson474 Doyle959,F,GENERAL PRACTICE,1 GORHAM IS,WEST YARMOUTH,MA,026733200,41.6501114,-70.2411312,1,0
5cbb315c-5258-3276-944a-2f9aaf1e2e8d,5b0cd0a0-f277-3a66-bee6-d64b5be4a3f5,Waldo53 Hintz995,M,GENERAL PRACTICE,725 NORTH ST,PITTSFIELD,MA,012015493,42.4600752,-73.2492795834909,111,0
5bfe1d14-36d7-3a51-adeb-aeac0aa7ef31,f5b88e0f-3f0a-3400-b56f-26247e2a35ac,Archie818 O'Keefe54,M,GENERAL PRACTICE,585 LINCOLN ST,WORCESTER,MA,016051906,42.2962766,-71.7688972944814,24,0
6b9aae8e-9198-33b8-9ea4-c92d7f47826e,69195f53-626c-3031-b4de-d0b206f75d8c,Ronni748 Wiegand701,F,GENERAL PRACTICE,174 FOREST HILLS ST,BOSTON,MA,021303353,42.306401050000005,-71.10237442688054,4,0
994a63a6-c107-33fd-ba6a-ce51c2507a02,c0e23859-5a95-3aa0-8c3b-0143df64f507,Cristobal567 Maldonado119,M,GENERAL PRACTICE,188 COMMONWEALTH RD,WAYLAND,MA,017785027,42.318727100000004,-71.36211489369597,1,0
f899930e-fd1a-33e3-b282-42467a1f3bae,18b1bb7e-2f93-3253-a7ae-d19c13ffeaa1,Patty600 Bashirian201,F,GENERAL PRACTICE,29 E 29TH ST,WEST NEWBURY,MA,019854201,42.8014795,-70.989778,56,0
e5f94a3a-f115-382f-8df8-5b2da7913594,67d2f85b-ddc7-3ed0-b90b-6fa5b7b8358a,Norah104 Jenkins714,F,GENERAL PRACTICE,43 FOUNDRY AVE,WALTHAM,MA,024538313,42.37050535,-71.21908334877376,49,0
f6d75afb-e35d-3232-9c7b-555ee25bffe2,514c9360-e5ed-3ba7-ba3c-15b249c097d0,Adriene242 Wilkinson796,F,GENERAL PRACTICE,272 WASHINGTON ST,GLOUCESTER,MA,019304818,42.624039100000005,-70.67854005962928,1,0
de0e7a0d-e0ae-30f2-abc7-ca20e8543c9b,1d45436f-15a9-326e-a452-2e9ffc9fc5e5,Wilfredo622 Mraz590,M,GENERAL PRACTICE,75 SPRINGFIELD RD,WESTFIELD,MA,010851832,42.111428849999996,-72.71189899299209,119,0
7eff402f-e438-350b-96ac-dbdc5d665998,ce89d7ed-54eb-3eae-881a-15df8e631c47,Silvia880 Howe413,F,GENERAL PRACTICE,36 WILLIAM STREET,LEOMINSTER,MA,014533276,42.5267443,-71.7614891,4,0
ddd084cd-da49-3085-be1f-9713d8521ab7,0d9b0d22-585e-3fd8-ab02-26b5be7915d1,Jean712 Koelpin146,F,GENERAL PRACTICE,516 CAREW ST,SPRINGFIELD,MA,011042330,42.12133575,-72.59217953646302,42,0
be6eeee4-f770-326b-a86d-c36f58cdf66b,1853aeef-5897-326a-80d6-aa4b0459eb6d,Jewel43 Kassulke119,M,GENERAL PRACTICE,381 WICKENDEN ST,ATTLEBORO,MA,027032247,41.9438129,-71.2806515,6,0
27772481-b6b5-3f83-918c-cee1be6e75df,4b7e26e6-e5b1-38c9-b4ac-fde9a0f93177,Maggie320 Eichmann909,F,GENERAL PRACTICE,38 BROAD STREET,QUINCY,MA,021694604,42.2560352,-70.99469254391217,4,0
59c0c6aa-4a88-35f9-a8fc-e3dfc0fafe2a,f3030ee3-dfa5-3595-b684-9769e52a580a,Carter549 Torp761,M,GENERAL PRACTICE,88 MASONIC HOME ROAD  DAVENPORT BLDG  2ND FL,WEST SPRINGFIELD,MA,010891357,42.105237,-72.6213712,5,0
5e6ab75a-53a8-31f1-8b18-6a84a30bdee6,94dda4e1-7476-367a-b1f8-37ea7f61a1b7,Dylan44 Robel940,M,GENERAL PRACTICE,145 WARD HILL AVENUE,WESTBOROUGH,MA,015811017,42.2694308,-71.6129907,23,0
508e88ad-5c3d-3b0c-b73d-e45bea1c8c65,01bb7b5c-f850-3c4e-a3f1-442d8273559a,Charley358 Effertz744,M,GENERAL PRACTICE,395 PLEASANT ST,NORTHAMPTON,MA,010603914,42.3150543,-72.62555561349089,62,0
f36c41a7-b00f-3b94-9fbd-693e9a369490,2ca615f3-87f7-3283-a447-d919a883b676,Elizbeth263 Dickinson688,F,GENERAL PRACTICE,1399 WASHINGTON ST,HANOVER,MA,023391653,42.1441354,-70.8440854,1,0
0f7fdc13-8fb8-3c3a-8d5f-da08f0c45e93,7f32dd7d-5c35-3ddb-839b-8fbbb930d412,Tyron580 Littel644,M,GENERAL PRACTICE,863 CENTRAL STREET,FRAMINGHAM,MA,017014813,42.30758060362541,-71.42846215724606,10,0
82edda67-e296-3b68-a36d-c8119b75a326,6450f09c-28fc-3815-abfb-62056b72e508,Kory651 Dicki44,M,GENERAL PRACTICE,20 RESEARCH PL,NORTH CHELMSFORD,MA,018632455,42.6389798,-71.3828403,93,0
cbccf968-2500-38d2-af1f-4821c495da69,80646050-1c76-3046-bbc8-fd5f0b7c34e6,Mayola305 Hauck852,F,GENERAL PRACTICE,140 ARNHOW FARM ROAD,FITCHBURG,MA,014201369,42.5903661,-71.8119837,8,0
c395eed9-f3dd-304b-a6c7-721966786643,e02d9c87-52cb-3f3c-9f97-fe95f260c437,Sheldon401 Hoeger474,M,GENERAL PRACTICE,321 MANLEY STREET,WEST BRIDGEWATER,MA,023791022,42.0338457,-71.05496436428572,1,0
ea606c86-7ba2-3fe3-926e-df4664c4ce82,0be0e035-8dad-387e-bbdd-a5a469c4311f,Deane47 Howe413,F,GENERAL PRACTICE,480 MAPLE ST,DANVERS,MA,019234065,42.584178050000006,-70.97197467750539,117,0
d0e527a0-1c80-3876-9d96-3653808bda17,a9fc7aa5-d3b3-314d-9cf7-af29051d3dd9,Olevia458 Hermiston71,F,GENERAL PRACTICE,1193 SEA STREET,TAUNTON,MA,027803960,41.8946107,-71.11113,8,0
8d50065d-d685-3063-9885-63c53620bf8a,8ec2ca51-abb4-35dd-b90f-6c6aad6d2124,Elisha578 Conn188,M,GENERAL PRACTICE,22 JOHNSON STREET,PEABODY,MA,019602311,42.54644385,-70.99288129112277,212,0
8a68cfa6-3733-393a-9c5d-716de1d075fc,9fdce5d5-d4d0-3156-a8d5-8757bfe4e9b3,Pamelia915 Kilback373,F,GENERAL PRACTICE,1 FARMER CIR,ARLINGTON,MA,024742866,42.42405225,-71.16792616556859,31,0
f4a629c2-4f82-3e71-b98c-ac8e70b347bd,a35fd733-dc1a-33f0-a308-292ff5581287,Julianne852 Schaefer657,F,GENERAL PRACTICE,15 STRAW AVE,FLORENCE,MA,010621491,42.335654,-72.663286,14,0
efab19f2-4440-37e5-b8de-8eaac13c9870,f1664435-2eca-3eff-bd1a-13701e7ad1bd,Rosa195 Marks830,F,GENERAL PRACTICE,300 PASTEUR DRIVE,NEWTON,MA,024592058,42.3370414,-71.2092214,31,0
2202f1f0-1e5d-3ef2-90c5-e8f6fc54a987,b242f971-3c74-3778-b148-81366c1e6a3f,Leland44 Bernier607,M,GENERAL PRACTICE,10 CAREMATRIX DR,DEDHAM,MA,020266149,42.2270762,-71.17237295563174,33,0
16c25add-9038-3de8-81e3-464a9f2f0b68,e8d0fea4-45cb-32d3-8798-0fe6156c4409,Andrea7 Valentín837,F,GENERAL PRACTICE,265 ESSEX STREET,BEVERLY,MA,019151958,42.56513015,-70.86168781456092,1,0
3dac7a9e-67f7-3fbd-83c2-2d9bb7edd444,36c8b677-a6ce-3266-b71e-ed86d778d0fa,Rebekah348 Rippin620,F,GENERAL PRACTICE,300 FRIBERG PKWY,WESTBOROUGH,MA,015813900,42.28350315,-71.58027718702151,777,0
ac1568fa-8a39-365e-b707-9ac5c4f85b1f,aad05540-c9cb-3805-b3c4-f9b9d9b42b2e,Víctor493 Maya972,M,GENERAL PRACTICE,821 E MAIN ST STE 3,CHICOPEE,MA,010206306,42.155774795300516,-72.55672263289513,96,0
6a371eb6-425e-3a19-b398-bf04a14d0d45,eea92149-820f-301f-911e-b170e8312842,Julio César525 Laureano185,M,GENERAL PRACTICE,123 SUMMER STREET,WORCESTER,MA,016102177,42.26496835,-71.79655403681465,72,0
dc143426-f5ce-3e27-87fc-0fea716d564c,19a3afba-b409-3650-a0ab-f3faf6e391ef,Patrina117 Strosin214,F,GENERAL PRACTICE,199 REEDSDALE RD,WALTHAM,MA,024511433,42.3756401,-71.2358004,1,0
426147bb-e324-3e8d-af41-cfd6fd986239,25c85bcc-7e25-36bc-89e8-08e0d473db23,Sharron285 Okuneva707,F,GENERAL PRACTICE,138 S MAIN ST STE 14,MILFORD,MA,017573272,42.1270746,-71.51639128815474,40,0
c57d1553-0555-317b-b646-df02aca0e579,c4ac39af-31c3-3e1b-bd95-faa239bce600,Candance389 Crona259,F,GENERAL PRACTICE,374 ROUTE 28,WEST YARMOUTH,MA,026734717,41.6514493,-70.24627055149762,82,0
28934fbc-3a3b-3d73-8e3c-a7db788c1a39,2fb77691-5353-358a-bc94-90af77dd654b,Isabela97 Duran646,F,GENERAL PRACTICE,200 GROTON RD,AYER,MA,014321168,42.577352149999996,-71.57414587343038,123,0
71176d8c-2e6e-3288-9c0b-85133303a5a1,ec7e487e-7e78-3eac-a9ee-37f8de98a0f9,Marlene554 Hammes673,F,GENERAL PRACTICE,277 WASHINGTON STREET,ABINGTON,MA,023512489,42.10060947239023,-70.94967338146704,1,0
1248f1c5-1c93-39bd-bd8e-d189740435c1,471f7ca2-38f8-3080-8109-187c73ec0b1f,Reginia455 Johnson679,F,GENERAL PRACTICE,27 CONGRESS ST,SALEM,MA,019707308,42.518722068313224,-70.88940635956651,27,0
ba2aafc9-7d46-336a-bf08-21648fd0adab,a5577e5c-b886-37a0-8eee-8ff6feb7ea6b,Synthia172 Keebler762,F,GENERAL PRACTICE,330 MOUNT AUBURN ST,CAMBRIDGE,MA,021385502,42.3741033,-71.13417575971958,322,0
6b094c5b-1aee-3854-91b7-edfe295d1604,5581e43d-0463-3a0b-afc7-a60aea5ac96c,Brock407 VonRueden376,M,GENERAL PRACTICE,57 RIVER RD,ANDOVER,MA,018101144,42.69112645,-71.19636086287642,23,0
c80945cf-f0c6-3626-b07e-5d1a0d49d057,e7722de2-0e62-3dc9-a163-a7003956673b,Charlena802 Lockman863,F,GENERAL PRACTICE,1 EDGEWATER DRIVE  SUITE 103,NORWOOD,MA,020624669,42.16153305,-71.20162617190071,4,0
4892c3dd-3aa1-346b-bf13-82f53f44d3a2,c630c98b-cbfb-3260-a984-4bbf511de98d,Selma398 Beier427,F,GENERAL PRACTICE,135 S HUNTINGTON AVE,BOSTON,MA,021304885,42.328899,-71.110855,1,0
a8292aaf-8dd8-3539-b640-771c14c8b789,9b8a7a25-b923-3710-9f3c-d42919a3f54f,Heriberto162 Ondricka197,M,GENERAL PRACTICE,146 MAIN ST,MAYNARD,MA,017542651,42.4309786,-71.4552968,32,0
dcb33650-9d6a-3b17-aac7-7bdad2ffd374,62b55e5b-b58f-354d-8f2d-f2a330bc619e,Paz9 Gerlach374,F,GENERAL PRACTICE,201 HIGHLAND ST,CLINTON,MA,015101037,42.42738865,-71.69329092351188,26,0
0435e187-975f-3974-b966-05317ff7d462,966245ce-e84d-36b0-a838-2e0b5bb2e668,Refugio197 Crooks415,M,GENERAL PRACTICE,1425 BLUE HILL AVENUE,MATTAPAN,MA,021262122,42.2754929,-71.09384131587021,10,0
b16109dd-43a8-3e86-80c6-b3a740431fd9,3465062e-288a-395c-abbe-2813f9c7b8a1,Tyrell880 Veum823,M,GENERAL PRACTICE,22 MAPLE ST,AMESBURY,MA,019131304,42.857005,-70.94281582407783,1,0
237dfaa2-42e9-343a-a37a-cf31a3e7c4c3,4eddfa13-f996-3048-9bbc-541b0a29038a,Annelle169 Schmidt332,F,GENERAL PRACTICE,736 CAMBRIDGE ST,BRIGHTON,MA,021353601,42.348649949999995,-71.14799584850206,35,0
9f025107-86db-3030-a32c-817260e84c33,845fbd9b-2d1c-39a8-8261-28ae40e4fab2,Sam879 Rippin620,F,GENERAL PRACTICE,14 PROSPECT STREET,UPTON,MA,015681431,42.1700209025178,-71.59409308099494,134,0
8aede11c-af34-3418-a6e5-b4bf75a58c28,9ce6072b-d039-3cde-8eaf-950211b8ae88,Terrie907 Ratke343,F,GENERAL PRACTICE,147 S MAIN ST,MIDDLETON,MA,019492446,42.585787222720036,-71.00861442427218,38,0
84e7111f-856d-33e8-a84b-c76ebef8887d,af8566eb-8918-3ec7-ba44-92b6a2cf8097,Madelaine318 Walker122,F,GENERAL PRACTICE,81 HIGHLAND AVE,SALEM,MA,019702714,42.5112107,-70.90516241826194,144,0
192a6c7d-7b78-3e52-9e79-d608f80de4da,d4a03501-69f6-3a89-ac27-ed25976fdb6f,Virgen207 Hyatt152,F,GENERAL PRACTICE,25 WOODLAND ROAD,STONEHAM,MA,021801705,42.450448800000004,-71.09076944938434,4,0
058f63aa-d3cb-394f-981e-e8e577903856,21e6967c-bb71-3992-bb1c-11ffff39216e,Carlos172 Valles311,M,GENERAL PRACTICE,200 HILLSIDE CIR STE 3,WEST SPRINGFIELD,MA,010894681,42.105237,-72.6213712,1,0
799348bb-d97a-3c11-9dac-dcd41129eb1c,058176fd-cbb0-328b-8411-c19f5045032d,Breana975 Sanford861,F,GENERAL PRACTICE,840 EMERSON GARDENS ROAD,LEXINGTON,MA,02420,42.43761961817366,-71.19888753880475,5,0
f68ae002-222d-34f9-ac31-3e211dd859df,69cb2157-b620-3c51-9c94-f516462d2d55,Anh979 Schroeder447,F,GENERAL PRACTICE,11 WATER ST,ARLINGTON,MA,02476,42.41642055,-71.15424293038585,30,0
9aed1178-d917-3233-a347-ae231c61a8a9,41f66e18-8eb7-32f2-9371-7df5bf2b8d21,Óscar156 Ozuna605,M,GENERAL PRACTICE,170 UNIVERSITY DRIVE,GREENFIELD,MA,013011238,42.6097476,-72.5979752,2,0
bf501ac5-8d25-3a84-be4b-1b10f918b612,a25107f7-f4f5-36fc-98e4-f3e1b5875c91,Tracy345 Wilderman619,M,GENERAL PRACTICE,1285 BEACON ST,WOBURN,MA,018012157,42.4979478,-71.1684508,4,0
29cbf269-b815-34c8-9f15-503f8e9c79b6,0e6c3ad1-24c1-34cb-bb6d-e8438fa319e2,Eufemia350 Casper496,F,GENERAL PRACTICE,50 DODGE ST,SWAMPSCOTT,MA,019071300,42.4699241,-70.9171507,2,0
f83caa86-e0a8-32c4-a7f1-b8bd6f554478,b4ca31a9-9d34-3ea1-93c4-443941622304,Ellie521 Nicolas769,F,GENERAL PRACTICE,102 MAIN ST,GREENFIELD,MA,013013224,42.5879173,-72.6055828841603,46,0
7a72c1d8-88b7-3098-a54d-5185cf0632eb,3695125c-c052-3ece-898a-2a6448987ae5,Rosanna866 DuBuque211,F,GENERAL PRACTICE,2040 BOSTON RD STE 5,WILBRAHAM,MA,010951380,42.150295650000004,-72.47288272264812,1,0
3815fd66-af56-3f73-8c25-48a3be7a4385,bdd9ad72-443a-3563-a626-4c45f6d058b2,Zachary28 Bogan287,M,GENERAL PRACTICE,147 PELHAM STREET,WORCESTER,MA,016072105,42.265209,-71.814005,2,0
bb622196-ae3c-381a-b3f4-8880b2bc453a,05fcf001-ab24-3d7d-85f7-f64942d82738,Nickolas58 Schumm995,M,GENERAL PRACTICE,250 POND STREET,FRAMINGHAM,MA,017014592,42.2838619,-71.4093719,268,0
83bc5670-ce16-3d8b-ae15-7235ab0db77f,8789c07e-d15d-378d-ba2b-d2b49ebb6db4,Natalia964 Lomeli256,F,GENERAL PRACTICE,800 WASHINGTON ST,WOBURN,MA,018011976,42.4946907,-71.1242899,91,0
c5a00528-89d6-319a-805f-672b727aca7a,7e6db51f-7c1b-3555-9e1c-6269ba6d704d,Jacque955 Streich926,F,GENERAL PRACTICE,120 STAFFORD STREET SUITE 206,WORCESTER,MA,016031461,42.239638,-71.8443785891577,3,0
8a7b5b8f-b7f6-382f-92f3-ac0bfa9111a1,ae382dff-4faf-34af-b91f-8ae2d34b6733,Truman805 Schaden604,M,GENERAL PRACTICE,200 HAWTHORN ST,NEW BEDFORD,MA,027402201,41.6284153,-70.93937104729301,2,0
71c5a04c-14dd-3e80-b77d-8606efe53e70,1b26464f-ebe5-3045-b976-40f9979418c6,Vernie449 Tillman293,F,GENERAL PRACTICE,243 KING ST,NORTHAMPTON,MA,010602367,42.331161,-72.634183,1,0
328b7621-ee06-3100-8fed-9791596ab3f9,f68ebf98-ba5b-35af-b2bd-da56cc5b13be,Shaun461 Hintz995,M,GENERAL PRACTICE,270 LITTLETON RD STE 22,WESTFORD,MA,018863524,42.5569148,-71.4366336131239,3,0
3f9d5ad2-017c-3869-bd91-375977aea806,b8d40f5c-9e4d-3639-89ef-8bf375cb3184,Sarai636 Howe413,F,GENERAL PRACTICE,190 OLD DERBY STREET,HINGHAM,MA,020434065,42.1807101,-70.9170852970031,1,0
02978251-cac1-33b8-a8a0-27de6457c50b,d24e558b-6659-3c62-bfa7-938aa245c8a8,Ronna740 Crooks415,F,GENERAL PRACTICE,4 COURTHOUSE LANE SUITE 1-3,CHELMSFORD,MA,018241737,42.62439345,-71.35881000636567,61,0
d243795a-de36-37df-ae4f-041e193dc679,40d5ac54-6e92-353d-8bce-63afb7e8fb0b,Murray856 Jacobs452,M,GENERAL PRACTICE,1325 SPRINGFIELD STREET STE 12,PITTSFIELD,MA,012016187,42.451302,-73.260018,1,0
8bdca6de-352e-3d92-bc40-ea62a91a55dc,9adfae03-673d-365d-9052-f705098fa3e4,Daniel959 Wolff180,M,GENERAL PRACTICE,51 BLOSSOM ST,BOSTON,MA,021142699,42.36305545,-71.06643399281765,69,0
ba1109df-96bd-3d5f-90f3-425a0917ada6,48a07866-e8d7-3268-aa3c-ca3237c8e6f3,Devona405 Stamm704,F,GENERAL PRACTICE,188 PROVIDENCE ST,HYDE PARK,MA,021361861,42.2682551,-71.12174592925336,92,0
4e4ed4f0-6325-34e0-93d5-8bb618a37911,25431f9a-00e4-36d8-9810-4125328eec50,Paris331 Ruecker817,M,GENERAL PRACTICE,55 FRUIT ST,WALTHAM,MA,02451,42.3756401,-71.2358004,5,0
a321bf44-33b2-3bc9-8849-e14d65641b6a,a130ed39-d3a2-3b2a-91fe-0c14f5e26eb2,Walker122 Nicolas769,M,GENERAL PRACTICE,EAST CREEK ROAD,NANTUCKET,MA,025544015,41.273999,-70.091114,87,0
275fd8bd-4b59-3341-a0df-3288a8bd5dc1,01bde980-bf89-3138-8912-7360dff33247,Caroline183 Lang846,F,GENERAL PRACTICE,456 PARK AVE,WORCESTER,MA,016101254,42.25512735,-71.82580924803523,9,0
49350ad1-3b85-37b8-a01d-1d3a07145e9c,979d5316-97f4-335d-af9d-d0afba85dc6a,Jolyn4 Borer986,F,GENERAL PRACTICE,57 PROSPECT ST,NANTUCKET,MA,025542799,41.27514065,-70.10108985970798,1127,0
4d0c2913-ff60-30a3-8877-e13f7b0cef65,217cb6f6-e822-3831-9d9d-ffa104971042,Luther918 Jakubowski832,M,GENERAL PRACTICE,2 REHABILITATION WAY,WOBURN,MA,018016003,42.46352265,-71.161925472006,128,0
f2a512ad-d0a9-303b-ac67-c1a29dc8fc4e,71f4c23f-7559-31ff-8f42-a672e80b85a2,Sallie654 Jast432,F,GENERAL PRACTICE,300 FIRST AVENUE,WESTBOROUGH,MA,015812831,42.2694308,-71.6129907,95,0
190ca155-d69a-3ed0-b540-1fca5fc1d068,3517aff1-b163-3cd5-8fff-19710fcdc1b7,Brendan864 Cremin516,M,GENERAL PRACTICE,400 HEMENWAY STREET,MARLBOROUGH,MA,017526762,42.36006255767826,-71.5077613040944,4,0
e4864ea8-79d9-36a4-b923-34c6ee5ce476,af575fc6-02f2-39d9-b131-d4ea3d92c46a,David908 Lindgren255,F,GENERAL PRACTICE,30 WATERTOWN ST,LEXINGTON,MA,024216331,42.4204729,-71.20740917535738,1,0
64f44ff4-e426-34e3-8c63-570e1f0f9dc2,121b0ad1-1beb-3caa-9271-3d3f726bb727,Ester635 Salas880,F,GENERAL PRACTICE,1030 MAIN STREET,WALTHAM,MA,024517447,42.375828,-71.2527956,14,0
4530a982-11e6-3c0e-8783-73383ba35e64,0a2252ba-33de-322f-8f0a-e5b0141f1780,Olivia294 Barraza113,F,GENERAL PRACTICE,632 BLUE  HILL AVENUE,DORCHESTER,MA,021213213,42.2941088,-71.0885355,9,0
6408895a-50b0-31e5-880a-455d8fb25019,4f029aea-a3f7-3429-a477-45cfe183c3f9,Curtis94 Lesch175,M,GENERAL PRACTICE,1675 NORTH MAIN STREET,LANCASTER,MA,015232405,42.4761132,-71.6873032,6,0
8bb6a576-367e-3015-81ca-944c09bef2ba,b954c464-11ea-312b-a3f8-1350775bfa54,Rupert654 Walker122,M,GENERAL PRACTICE,123 CAPTAIN'S ROW,CHELSEA,MA,021504019,42.3917638,-71.0328284,10,0
588a884d-eb2a-3a41-a30b-f80e59b1ecbd,9f368e75-397f-3d77-a317-9a005512a4e2,Alta896 Pfannerstill264,F,GENERAL PRACTICE,381 PARK AVE,WORCESTER,MA,016101026,42.2583962,-71.82204240042036,29,0
a9f93011-d8e8-3697-8e5b-1f3fc2baf9a2,4d3ec6c2-f6aa-3d7b-adcc-e7107dac8530,Débora815 Esquibel766,F,GENERAL PRACTICE,14 MASONIC CIRCLE,AUBURN,MA,015011341,42.181923125,-71.86839612499999,2,0
39afab4f-cff2-3c8b-a915-89c94868f749,95f6c328-96dd-3fb8-a56e-9aad566094b4,Burton124 Schoen8,M,GENERAL PRACTICE,4 STONY HILL ROAD,WILBRAHAM,MA,010951027,42.1552861,-72.48384800788648,7,0
3c31c1fc-1256-3dfd-984d-46c1d456b56d,da2e8443-a0d6-3e87-b651-e2697615f4b5,Luis923 Bergstrom287,M,GENERAL PRACTICE,2000 WASHINGTON ST,NEWTON,MA,024621624,42.332192250000006,-71.24597794166553,32,0
28dca0a9-a180-3ca4-bb1f-305feaad59ba,91808f17-7583-32a3-aa55-23b131b327c7,Leonie332 Wunsch504,F,GENERAL PRACTICE,200 CORDWAINER DR,NORWELL,MA,020611671,42.16352995,-70.8846291501739,38,0
b2a89859-8a24-3a5e-8f7a-a8d1373d3b85,02d7b144-352f-3eac-97db-6fc4a95bf1fa,Dante562 Reinger292,M,GENERAL PRACTICE,120 SEMINARY AVENUE,AUBURNDALE,MA,024662650,42.34002614299451,-71.24911543639162,10,0
5f82e2b7-6639-33f8-846e-77958aabd537,53f086de-2fc7-3d35-92c2-aca4ed944e7f,Carisa395 Kutch271,F,GENERAL PRACTICE,1 GENERAL ST,LAWRENCE,MA,018412961,42.7097143,-71.15007700778098,169,0
e966b71b-8a41-384b-b9c8-9b5bf40522fc,c05d73d0-b348-32ce-9fe5-13a720950f37,Rema399 McDermott739,F,GENERAL PRACTICE,45 DRUM HILL RD,CHELMSFORD,MA,018241503,42.6255635,-71.3615131,233,0
6550c5e9-9809-31f2-a617-f18cfb91bea7,c0cc8f8d-a479-3f83-9e1f-1fd556b944ef,Kristofer887 Heathcote539,M,GENERAL PRACTICE,250 PARADISE RD,SWAMPSCOTT,MA,01907,42.47638005,-70.91253402512964,48,0
1bbda8d0-3105-3e20-9b26-8baad2960370,047f6113-bd42-353b-8368-cf2352868915,Neal874 Schimmel440,M,GENERAL PRACTICE,62 WALNUT ST FL 2ND,WELLESLEY,MA,024812109,42.2964859,-71.2925571,28,0
202ebacc-f67e-33fc-b7a6-c4d2b80b9f1e,0592d4e5-a0fb-3143-83cd-8e5a6b066a96,Mica978 Lemke654,F,GENERAL PRACTICE,20 EAST ST,HANOVER,MA,023391638,42.1278249,-70.82664947485381,66,0
6f601289-0e05-3976-90e2-36904f506724,c67ca7ed-4769-3b6c-a0a9-993f1227ff10,Allen322 Veum823,M,GENERAL PRACTICE,1 BLACKBURN DR,GLOUCESTER,MA,019302237,42.6269312,-70.65555242413386,47,0
bb66e526-ad87-3fee-aa9e-6db23ffd2b83,6aae7a31-90df-3455-ad8d-81f8cf2d21e8,Damaris45 Funk324,F,GENERAL PRACTICE,680 CENTRE ST,BROCKTON,MA,023023308,42.0872752,-70.9910738855076,93,0
